{"options":{},"indexes":[{"v":2,"key":{"_id":1},"name":"_id_","ns":"WINDS.articles"},{"v":2,"key":{"rss":1},"name":"rss_1","ns":"WINDS.articles","background":true},{"v":2,"key":{"url":"hashed"},"name":"url_hashed","ns":"WINDS.articles","background":true},{"v":2,"key":{"updatedAt":1},"name":"updatedAt_1","ns":"WINDS.articles","background":true},{"v":2,"key":{"createdAt":1},"name":"createdAt_1","ns":"WINDS.articles","background":true},{"v":2,"unique":true,"key":{"rss":1,"fingerprint":1},"name":"rss_1_fingerprint_1","ns":"WINDS.articles","background":true}],"uuid":"84dd167102a74f6c87f4803f128791e2"}