{"options":{},"indexes":[{"v":2,"key":{"_id":1},"name":"_id_","ns":"WINDS.episodes"},{"v":2,"key":{"url":"hashed"},"name":"url_hashed","ns":"WINDS.episodes","background":true},{"v":2,"key":{"link":"hashed"},"name":"link_hashed","ns":"WINDS.episodes","background":true},{"v":2,"key":{"updatedAt":1},"name":"updatedAt_1","ns":"WINDS.episodes","background":true},{"v":2,"key":{"createdAt":1},"name":"createdAt_1","ns":"WINDS.episodes","background":true},{"v":2,"unique":true,"key":{"podcast":1,"fingerprint":1},"name":"podcast_1_fingerprint_1","ns":"WINDS.episodes","background":true}],"uuid":"d6493f6b00cf4ed1825c03334bd8dc32"}