{"options":{},"indexes":[{"v":2,"key":{"_id":1},"name":"_id_","ns":"WINDS.follows"},{"v":2,"key":{"user":1},"name":"user_1","ns":"WINDS.follows","background":true},{"v":2,"key":{"followee":1},"name":"followee_1","ns":"WINDS.follows","background":true},{"v":2,"key":{"podcast":1},"name":"podcast_1","ns":"WINDS.follows","background":true},{"v":2,"key":{"rss":1},"name":"rss_1","ns":"WINDS.follows","background":true},{"v":2,"key":{"updatedAt":1},"name":"updatedAt_1","ns":"WINDS.follows","background":true},{"v":2,"key":{"createdAt":1},"name":"createdAt_1","ns":"WINDS.follows","background":true},{"v":2,"unique":true,"key":{"user":1,"rss":1,"podcast":1},"name":"user_1_rss_1_podcast_1","ns":"WINDS.follows","background":true}],"uuid":"b480bcc1950347f49617506e237d827e"}