{"options":{},"indexes":[{"v":2,"key":{"_id":1},"name":"_id_","ns":"WINDS.podcasts"},{"v":2,"unique":true,"key":{"feedUrl":1},"name":"feedUrl_1","ns":"WINDS.podcasts","background":true},{"v":2,"key":{"interest":1},"name":"interest_1","ns":"WINDS.podcasts","background":true},{"v":2,"key":{"updatedAt":1},"name":"updatedAt_1","ns":"WINDS.podcasts","background":true},{"v":2,"key":{"createdAt":1},"name":"createdAt_1","ns":"WINDS.podcasts","background":true},{"v":2,"key":{"featured":1},"name":"featured_1","ns":"WINDS.podcasts","partialFilterExpression":{"featured":true},"background":true}],"uuid":"3aa57aab03b344729a91c05d9d0fa489"}