{"options":{},"indexes":[{"v":2,"key":{"_id":1},"name":"_id_","ns":"WINDS.rss"},{"v":2,"unique":true,"key":{"feedUrl":1},"name":"feedUrl_1","ns":"WINDS.rss","background":true},{"v":2,"key":{"valid":1},"name":"valid_1","ns":"WINDS.rss","background":true},{"v":2,"key":{"lastScraped":1},"name":"lastScraped_1","ns":"WINDS.rss","background":true},{"v":2,"key":{"interest":1},"name":"interest_1","ns":"WINDS.rss","background":true},{"v":2,"key":{"updatedAt":1},"name":"updatedAt_1","ns":"WINDS.rss","background":true},{"v":2,"key":{"createdAt":1},"name":"createdAt_1","ns":"WINDS.rss","background":true},{"v":2,"key":{"featured":1},"name":"featured_1","ns":"WINDS.rss","partialFilterExpression":{"featured":true},"background":true}],"uuid":"997ff6fc569a43adb739f278d5eed001"}