{"options":{},"indexes":[{"v":2,"key":{"_id":1},"name":"_id_","ns":"WINDS.users"},{"v":2,"unique":true,"key":{"email":1},"name":"email_1","ns":"WINDS.users","background":true},{"v":2,"unique":true,"key":{"username":1},"name":"username_1","ns":"WINDS.users","background":true},{"v":2,"key":{"updatedAt":1},"name":"updatedAt_1","ns":"WINDS.users","background":true},{"v":2,"key":{"createdAt":1},"name":"createdAt_1","ns":"WINDS.users","background":true},{"v":2,"key":{"email":1,"username":1},"name":"email_1_username_1","ns":"WINDS.users","background":true}],"uuid":"e9d99eec34534753ac5332e152e6439d"}